,appt_count,appt_count,appt_count,appt_count,appt_count,appt_count,appt_count,appt_count,appt_pct,appt_pct,appt_pct,appt_pct,appt_pct,appt_pct,appt_pct,appt_pct
Provider Role,CARE_MANAGER,CHAPLAIN,CLINICIAN,COACH,OTHER,PEER,PSYCHIATRIST,UNDEFINED,CARE_MANAGER,CHAPLAIN,CLINICIAN,COACH,OTHER,PEER,PSYCHIATRIST,UNDEFINED
Escalation,,,,,,,,,,,,,,,,
All,369.0,14.0,1026.0,421.0,10.0,6.0,359.0,10.0,0.16659142212189615,0.006320541760722348,0.4632054176072235,0.19006772009029346,0.004514672686230248,0.002708803611738149,0.1620767494356659,0.004514672686230248
Mild,155.0,8.0,157.0,353.0,8.0,0.0,70.0,3.0,0.20557029177718833,0.010610079575596816,0.20822281167108753,0.46816976127320953,0.010610079575596816,0.0,0.09283819628647215,0.003978779840848806
Moderate,200.0,5.0,824.0,56.0,2.0,4.0,144.0,7.0,0.1610305958132045,0.004025764895330112,0.6634460547504025,0.04508856682769726,0.001610305958132045,0.00322061191626409,0.11594202898550725,0.005636070853462158
Severe,16.0,1.0,49.0,13.0,0.0,2.0,145.0,0.0,0.07079646017699115,0.004424778761061947,0.2168141592920354,0.05752212389380531,0.0,0.008849557522123894,0.6415929203539823,0.0
