,appt_count,appt_count,appt_count,appt_count,appt_count,appt_count,appt_count,appt_count,appt_pct,appt_pct,appt_pct,appt_pct,appt_pct,appt_pct,appt_pct,appt_pct
Provider Role,CARE_MANAGER,CHAPLAIN,CLINICIAN,COACH,OTHER,PEER,PSYCHIATRIST,UNDEFINED,CARE_MANAGER,CHAPLAIN,CLINICIAN,COACH,OTHER,PEER,PSYCHIATRIST,UNDEFINED
Escalation,,,,,,,,,,,,,,,,
All,375.0,14.0,1026.0,441.0,1.0,6.0,359.0,28.0,0.16666666666666666,0.006222222222222222,0.456,0.196,0.00044444444444444447,0.0026666666666666666,0.15955555555555556,0.012444444444444444
Mild,157.0,8.0,157.0,366.0,1.0,0.0,70.0,15.0,0.20284237726098192,0.0103359173126615,0.20284237726098192,0.4728682170542636,0.0012919896640826874,0.0,0.09043927648578812,0.01937984496124031
Moderate,203.0,5.0,824.0,63.0,0.0,4.0,144.0,13.0,0.16162420382165604,0.003980891719745223,0.6560509554140127,0.05015923566878981,0.0,0.0031847133757961785,0.11464968152866242,0.010350318471337579
Severe,17.0,1.0,49.0,13.0,0.0,2.0,145.0,0.0,0.07488986784140969,0.004405286343612335,0.21585903083700442,0.05726872246696035,0.0,0.00881057268722467,0.6387665198237885,0.0
