,appt_count,appt_count,appt_count,appt_count,appt_count,appt_count,appt_count,appt_count,appt_pct,appt_pct,appt_pct,appt_pct,appt_pct,appt_pct,appt_pct,appt_pct
Provider Role,CARE_MANAGER,CHAPLAIN,CLINICIAN,COACH,OTHER,PEER,PSYCHIATRIST,UNDEFINED,CARE_MANAGER,CHAPLAIN,CLINICIAN,COACH,OTHER,PEER,PSYCHIATRIST,UNDEFINED
Escalation,,,,,,,,,,,,,,,,
All,367.0,14.0,1026.0,416.0,10.0,6.0,359.0,7.0,0.16643990929705216,0.006349206349206349,0.46530612244897956,0.18866213151927438,0.0045351473922902496,0.0027210884353741495,0.16281179138321997,0.0031746031746031746
Mild,154.0,8.0,157.0,351.0,8.0,0.0,70.0,2.0,0.20533333333333334,0.010666666666666666,0.20933333333333334,0.468,0.010666666666666666,0.0,0.09333333333333334,0.0026666666666666666
Moderate,200.0,5.0,824.0,53.0,2.0,4.0,144.0,5.0,0.16168148746968472,0.004042037186742118,0.666127728375101,0.04284559417946645,0.0016168148746968471,0.0032336297493936943,0.116410670978173,0.004042037186742118
Severe,15.0,1.0,49.0,13.0,0.0,2.0,145.0,0.0,0.06666666666666667,0.0044444444444444444,0.21777777777777776,0.057777777777777775,0.0,0.008888888888888889,0.6444444444444445,0.0
