,appt_count,appt_count,appt_count,appt_count,appt_count,appt_count,appt_count,appt_count,appt_pct,appt_pct,appt_pct,appt_pct,appt_pct,appt_pct,appt_pct,appt_pct
Provider Role,CARE_MANAGER,CHAPLAIN,CLINICIAN,COACH,OTHER,PEER,PSYCHIATRIST,UNDEFINED,CARE_MANAGER,CHAPLAIN,CLINICIAN,COACH,OTHER,PEER,PSYCHIATRIST,UNDEFINED
Escalation,,,,,,,,,,,,,,,,
All,370.0,14.0,1026.0,423.0,10.0,6.0,359.0,11.0,0.16674177557458314,0.006309148264984227,0.46237043713384407,0.19062640829202343,0.004506534474988734,0.0027039206849932404,0.16178458765209555,0.004957187922487607
Mild,156.0,8.0,157.0,355.0,8.0,0.0,70.0,3.0,0.20607661822985468,0.010568031704095112,0.2073976221928666,0.46895640686922063,0.010568031704095112,0.0,0.09247027741083223,0.003963011889035667
Moderate,200.0,5.0,824.0,56.0,2.0,4.0,144.0,8.0,0.16090104585679807,0.004022526146419952,0.6629123089300081,0.04505229283990346,0.0016090104585679806,0.003218020917135961,0.11584875301689461,0.006436041834271922
Severe,16.0,1.0,49.0,13.0,0.0,2.0,145.0,0.0,0.07079646017699115,0.004424778761061947,0.2168141592920354,0.05752212389380531,0.0,0.008849557522123894,0.6415929203539823,0.0
