,appt_count,appt_count,appt_count,appt_count,appt_count,appt_count,appt_count,appt_count,appt_pct,appt_pct,appt_pct,appt_pct,appt_pct,appt_pct,appt_pct,appt_pct
Provider Role,CARE_MANAGER,CHAPLAIN,CLINICIAN,COACH,OTHER,PEER,PSYCHIATRIST,UNDEFINED,CARE_MANAGER,CHAPLAIN,CLINICIAN,COACH,OTHER,PEER,PSYCHIATRIST,UNDEFINED
Escalation,,,,,,,,,,,,,,,,
All,374.0,14.0,1026.0,439.0,1.0,6.0,359.0,17.0,0.167262969588551,0.006261180679785331,0.4588550983899821,0.19633273703041146,0.0004472271914132379,0.0026833631484794273,0.1605545617173524,0.007602862254025045
Mild,157.0,8.0,157.0,366.0,1.0,0.0,70.0,7.0,0.20496083550913838,0.010443864229765013,0.20496083550913838,0.47780678851174935,0.0013054830287206266,0.0,0.09138381201044386,0.009138381201044387
Moderate,202.0,5.0,824.0,61.0,0.0,4.0,144.0,10.0,0.1616,0.004,0.6592,0.0488,0.0,0.0032,0.1152,0.008
Severe,17.0,1.0,49.0,13.0,0.0,2.0,145.0,0.0,0.07488986784140969,0.004405286343612335,0.21585903083700442,0.05726872246696035,0.0,0.00881057268722467,0.6387665198237885,0.0
