,appt_count,appt_count,appt_count,appt_count,appt_count,appt_count,appt_count,appt_count,appt_pct,appt_pct,appt_pct,appt_pct,appt_pct,appt_pct,appt_pct,appt_pct
Provider Role,CARE_MANAGER,CHAPLAIN,CLINICIAN,COACH,OTHER,PEER,PSYCHIATRIST,UNDEFINED,CARE_MANAGER,CHAPLAIN,CLINICIAN,COACH,OTHER,PEER,PSYCHIATRIST,UNDEFINED
Escalation,,,,,,,,,,,,,,,,
All,373.0,14.0,1026.0,436.0,1.0,6.0,359.0,16.0,0.1671896010757508,0.0062752129090094125,0.4598834603316898,0.19542805916629313,0.00044822949350067237,0.002689376961004034,0.16091438816674136,0.007171671896010758
Mild,157.0,8.0,157.0,365.0,1.0,0.0,70.0,6.0,0.2054973821989529,0.010471204188481676,0.2054973821989529,0.47774869109947643,0.0013089005235602095,0.0,0.09162303664921466,0.007853403141361256
Moderate,202.0,5.0,824.0,59.0,0.0,4.0,144.0,10.0,0.16185897435897437,0.004006410256410256,0.6602564102564102,0.047275641025641024,0.0,0.003205128205128205,0.11538461538461539,0.008012820512820512
Severe,16.0,1.0,49.0,13.0,0.0,2.0,145.0,0.0,0.07079646017699115,0.004424778761061947,0.2168141592920354,0.05752212389380531,0.0,0.008849557522123894,0.6415929203539823,0.0
