,appt_count,appt_count,appt_count,appt_count,appt_count,appt_count,appt_count,appt_count,appt_pct,appt_pct,appt_pct,appt_pct,appt_pct,appt_pct,appt_pct,appt_pct
Provider Role,CARE_MANAGER,CHAPLAIN,CLINICIAN,COACH,OTHER,PEER,PSYCHIATRIST,UNDEFINED,CARE_MANAGER,CHAPLAIN,CLINICIAN,COACH,OTHER,PEER,PSYCHIATRIST,UNDEFINED
Escalation,,,,,,,,,,,,,,,,
All,374.0,14.0,1026.0,439.0,1.0,6.0,359.0,23.0,0.16681534344335414,0.006244424620874219,0.4576271186440678,0.19580731489741302,0.00044603033006244426,0.0026761819803746653,0.1601248884924175,0.010258697591436218
Mild,157.0,8.0,157.0,366.0,1.0,0.0,70.0,11.0,0.2038961038961039,0.01038961038961039,0.2038961038961039,0.4753246753246753,0.0012987012987012987,0.0,0.09090909090909091,0.014285714285714285
Moderate,202.0,5.0,824.0,61.0,0.0,4.0,144.0,12.0,0.16134185303514376,0.003993610223642172,0.65814696485623,0.048722044728434506,0.0,0.003194888178913738,0.11501597444089456,0.009584664536741214
Severe,17.0,1.0,49.0,13.0,0.0,2.0,145.0,0.0,0.07488986784140969,0.004405286343612335,0.21585903083700442,0.05726872246696035,0.0,0.00881057268722467,0.6387665198237885,0.0
