,appt_count,appt_count,appt_count,appt_count,appt_count,appt_count,appt_count,appt_count,appt_pct,appt_pct,appt_pct,appt_pct,appt_pct,appt_pct,appt_pct,appt_pct
Provider Role,CARE_MANAGER,CHAPLAIN,CLINICIAN,COACH,OTHER,PEER,PSYCHIATRIST,UNDEFINED,CARE_MANAGER,CHAPLAIN,CLINICIAN,COACH,OTHER,PEER,PSYCHIATRIST,UNDEFINED
Escalation,,,,,,,,,,,,,,,,
All,374.0,14.0,1026.0,437.0,1.0,6.0,359.0,16.0,0.16748768472906403,0.006269592476489028,0.45947156291983876,0.19570085087326466,0.0004478280340349306,0.0026869682042095834,0.16077026421854007,0.007165248544558889
Mild,157.0,8.0,157.0,365.0,1.0,0.0,70.0,6.0,0.2054973821989529,0.010471204188481676,0.2054973821989529,0.47774869109947643,0.0013089005235602095,0.0,0.09162303664921466,0.007853403141361256
Moderate,202.0,5.0,824.0,60.0,0.0,4.0,144.0,10.0,0.16172938350680544,0.0040032025620496394,0.6597277822257807,0.04803843074459568,0.0,0.0032025620496397116,0.11529223378702963,0.008006405124099279
Severe,17.0,1.0,49.0,13.0,0.0,2.0,145.0,0.0,0.07488986784140969,0.004405286343612335,0.21585903083700442,0.05726872246696035,0.0,0.00881057268722467,0.6387665198237885,0.0
