,appt_count,appt_count,appt_count,appt_count,appt_count,appt_count,appt_count,appt_count,appt_pct,appt_pct,appt_pct,appt_pct,appt_pct,appt_pct,appt_pct,appt_pct
Provider Role,CARE_MANAGER,CHAPLAIN,CLINICIAN,COACH,OTHER,PEER,PSYCHIATRIST,UNDEFINED,CARE_MANAGER,CHAPLAIN,CLINICIAN,COACH,OTHER,PEER,PSYCHIATRIST,UNDEFINED
Escalation,,,,,,,,,,,,,,,,
All,374.0,14.0,1026.0,441.0,1.0,6.0,359.0,28.0,0.16629613161405069,0.006224988883948421,0.4562027567807915,0.19608714984437528,0.00044464206313917296,0.0026678523788350376,0.1596265006669631,0.012449977767896843
Mild,157.0,8.0,157.0,366.0,1.0,0.0,70.0,15.0,0.20284237726098192,0.0103359173126615,0.20284237726098192,0.4728682170542636,0.0012919896640826874,0.0,0.09043927648578812,0.01937984496124031
Moderate,202.0,5.0,824.0,63.0,0.0,4.0,144.0,13.0,0.1609561752988048,0.00398406374501992,0.6565737051792828,0.050199203187251,0.0,0.0031872509960159364,0.1147410358565737,0.010358565737051793
Severe,17.0,1.0,49.0,13.0,0.0,2.0,145.0,0.0,0.07488986784140969,0.004405286343612335,0.21585903083700442,0.05726872246696035,0.0,0.00881057268722467,0.6387665198237885,0.0
