,appt_count,appt_count,appt_count,appt_count,appt_count,appt_count,appt_count,appt_count,appt_pct,appt_pct,appt_pct,appt_pct,appt_pct,appt_pct,appt_pct,appt_pct
Provider Role,CARE_MANAGER,CHAPLAIN,CLINICIAN,COACH,OTHER,PEER,PSYCHIATRIST,UNDEFINED,CARE_MANAGER,CHAPLAIN,CLINICIAN,COACH,OTHER,PEER,PSYCHIATRIST,UNDEFINED
Escalation,,,,,,,,,,,,,,,,
All,310.0,14.0,1096.0,443.0,1.0,6.0,359.0,32.0,0.13710747456877487,0.006191950464396285,0.48474126492702346,0.1959310039805396,0.0004422821760283061,0.0026536930561698365,0.15877930119416186,0.014153029632905795
Mild,109.0,8.0,205.0,366.0,1.0,0.0,70.0,19.0,0.14010282776349614,0.010282776349614395,0.2634961439588689,0.4704370179948586,0.0012853470437017994,0.0,0.08997429305912596,0.02442159383033419
Moderate,189.0,5.0,843.0,65.0,0.0,4.0,144.0,13.0,0.1496437054631829,0.00395882818685669,0.667458432304038,0.05146476642913698,0.0,0.003167062549485352,0.11401425178147269,0.010292953285827395
Severe,14.0,1.0,52.0,13.0,0.0,2.0,145.0,0.0,0.06167400881057269,0.004405286343612335,0.2290748898678414,0.05726872246696035,0.0,0.00881057268722467,0.6387665198237885,0.0
