,appt_count,appt_count,appt_count,appt_count,appt_count,appt_count,appt_count,appt_count,appt_pct,appt_pct,appt_pct,appt_pct,appt_pct,appt_pct,appt_pct,appt_pct
Provider Role,CARE_MANAGER,CHAPLAIN,CLINICIAN,COACH,OTHER,PEER,PSYCHIATRIST,UNDEFINED,CARE_MANAGER,CHAPLAIN,CLINICIAN,COACH,OTHER,PEER,PSYCHIATRIST,UNDEFINED
Escalation,,,,,,,,,,,,,,,,
All,374.0,14.0,1026.0,439.0,1.0,6.0,359.0,18.0,0.1671881984801073,0.006258381761287439,0.4586499776486366,0.19624497094322754,0.0004470272686633885,0.002682163611980331,0.16048278945015645,0.008046490835940992
Mild,157.0,8.0,157.0,366.0,1.0,0.0,70.0,8.0,0.2046936114732725,0.010430247718383311,0.2046936114732725,0.4771838331160365,0.001303780964797914,0.0,0.09126466753585398,0.010430247718383311
Moderate,202.0,5.0,824.0,61.0,0.0,4.0,144.0,10.0,0.1616,0.004,0.6592,0.0488,0.0,0.0032,0.1152,0.008
Severe,17.0,1.0,49.0,13.0,0.0,2.0,145.0,0.0,0.07488986784140969,0.004405286343612335,0.21585903083700442,0.05726872246696035,0.0,0.00881057268722467,0.6387665198237885,0.0
