,appt_count,appt_count,appt_count,appt_count,appt_count,appt_count,appt_count,appt_count,appt_pct,appt_pct,appt_pct,appt_pct,appt_pct,appt_pct,appt_pct,appt_pct
Provider Role,CARE_MANAGER,CHAPLAIN,CLINICIAN,COACH,OTHER,PEER,PSYCHIATRIST,UNDEFINED,CARE_MANAGER,CHAPLAIN,CLINICIAN,COACH,OTHER,PEER,PSYCHIATRIST,UNDEFINED
Escalation,,,,,,,,,,,,,,,,
All,374.0,14.0,1026.0,440.0,1.0,6.0,359.0,27.0,0.16644414775255897,0.006230529595015576,0.45660881174899864,0.19581664441477525,0.0004450378282153983,0.0026702269692923898,0.159768580329328,0.012016021361815754
Mild,157.0,8.0,157.0,366.0,1.0,0.0,70.0,14.0,0.20310478654592498,0.01034928848641656,0.20310478654592498,0.47347994825355755,0.00129366106080207,0.0,0.09055627425614489,0.018111254851228976
Moderate,202.0,5.0,824.0,62.0,0.0,4.0,144.0,13.0,0.16108452950558214,0.003987240829346092,0.6570972886762361,0.049441786283891544,0.0,0.003189792663476874,0.11483253588516747,0.01036682615629984
Severe,17.0,1.0,49.0,13.0,0.0,2.0,145.0,0.0,0.07488986784140969,0.004405286343612335,0.21585903083700442,0.05726872246696035,0.0,0.00881057268722467,0.6387665198237885,0.0
