,appt_count,appt_count,appt_count,appt_count,appt_count,appt_count,appt_count,appt_count,appt_pct,appt_pct,appt_pct,appt_pct,appt_pct,appt_pct,appt_pct,appt_pct
Provider Role,CARE_MANAGER,CHAPLAIN,CLINICIAN,COACH,OTHER,PEER,PSYCHIATRIST,UNDEFINED,CARE_MANAGER,CHAPLAIN,CLINICIAN,COACH,OTHER,PEER,PSYCHIATRIST,UNDEFINED
Escalation,,,,,,,,,,,,,,,,
All,367.0,14.0,1026.0,416.0,10.0,6.0,359.0,8.0,0.16636446056210336,0.006346328195829556,0.46509519492293744,0.1885766092475068,0.004533091568449683,0.0027198549410698096,0.1627379873073436,0.003626473254759746
Mild,154.0,8.0,157.0,351.0,8.0,0.0,70.0,3.0,0.20505992010652463,0.010652463382157125,0.20905459387483355,0.4673768308921438,0.010652463382157125,0.0,0.09320905459387484,0.0039946737683089215
Moderate,200.0,5.0,824.0,53.0,2.0,4.0,144.0,5.0,0.16168148746968472,0.004042037186742118,0.666127728375101,0.04284559417946645,0.0016168148746968471,0.0032336297493936943,0.116410670978173,0.004042037186742118
Severe,15.0,1.0,49.0,13.0,0.0,2.0,145.0,0.0,0.06666666666666667,0.0044444444444444444,0.21777777777777776,0.057777777777777775,0.0,0.008888888888888889,0.6444444444444445,0.0
