,appt_count,appt_count,appt_count,appt_count,appt_count,appt_count,appt_count,appt_count,appt_pct,appt_pct,appt_pct,appt_pct,appt_pct,appt_pct,appt_pct,appt_pct
Provider Role,CARE_MANAGER,CHAPLAIN,CLINICIAN,COACH,OTHER,PEER,PSYCHIATRIST,UNDEFINED,CARE_MANAGER,CHAPLAIN,CLINICIAN,COACH,OTHER,PEER,PSYCHIATRIST,UNDEFINED
Escalation,,,,,,,,,,,,,,,,
All,372.0,14.0,1026.0,436.0,1.0,6.0,359.0,14.0,0.16696588868940754,0.0062836624775583485,0.4605026929982047,0.19569120287253142,0.0004488330341113106,0.0026929982046678637,0.1611310592459605,0.0062836624775583485
Mild,157.0,8.0,157.0,365.0,1.0,0.0,70.0,4.0,0.20603674540682415,0.010498687664041995,0.20603674540682415,0.479002624671916,0.0013123359580052493,0.0,0.09186351706036745,0.005249343832020997
Moderate,201.0,5.0,824.0,59.0,0.0,4.0,144.0,10.0,0.161186848436247,0.00400962309542903,0.6607858861267041,0.04731355252606255,0.0,0.0032076984763432237,0.11547714514835605,0.00801924619085806
Severe,16.0,1.0,49.0,13.0,0.0,2.0,145.0,0.0,0.07079646017699115,0.004424778761061947,0.2168141592920354,0.05752212389380531,0.0,0.008849557522123894,0.6415929203539823,0.0
