,appt_count,appt_count,appt_count,appt_count,appt_count,appt_count,appt_count,appt_count,appt_pct,appt_pct,appt_pct,appt_pct,appt_pct,appt_pct,appt_pct,appt_pct
Provider Role,CARE_MANAGER,CHAPLAIN,CLINICIAN,COACH,OTHER,PEER,PSYCHIATRIST,UNDEFINED,CARE_MANAGER,CHAPLAIN,CLINICIAN,COACH,OTHER,PEER,PSYCHIATRIST,UNDEFINED
Escalation,,,,,,,,,,,,,,,,
All,370.0,14.0,1026.0,424.0,10.0,6.0,359.0,13.0,0.16651665166516652,0.0063006300630063005,0.46174617461746176,0.19081908190819083,0.004500450045004501,0.0027002700270027003,0.16156615661566157,0.0058505850585058505
Mild,156.0,8.0,157.0,355.0,8.0,0.0,70.0,3.0,0.20607661822985468,0.010568031704095112,0.2073976221928666,0.46895640686922063,0.010568031704095112,0.0,0.09247027741083223,0.003963011889035667
Moderate,200.0,5.0,824.0,57.0,2.0,4.0,144.0,10.0,0.16051364365971107,0.0040128410914927765,0.6613162118780096,0.045746388443017656,0.0016051364365971107,0.0032102728731942215,0.11556982343499198,0.008025682182985553
Severe,16.0,1.0,49.0,13.0,0.0,2.0,145.0,0.0,0.07079646017699115,0.004424778761061947,0.2168141592920354,0.05752212389380531,0.0,0.008849557522123894,0.6415929203539823,0.0
