,appt_count,appt_count,appt_count,appt_count,appt_count,appt_count,appt_count,appt_count,appt_pct,appt_pct,appt_pct,appt_pct,appt_pct,appt_pct,appt_pct,appt_pct
Provider Role,CARE_MANAGER,CHAPLAIN,CLINICIAN,COACH,OTHER,PEER,PSYCHIATRIST,UNDEFINED,CARE_MANAGER,CHAPLAIN,CLINICIAN,COACH,OTHER,PEER,PSYCHIATRIST,UNDEFINED
Escalation,,,,,,,,,,,,,,,,
All,372.0,14.0,1026.0,426.0,10.0,6.0,359.0,14.0,0.16704086214638528,0.006286484059272564,0.4607094746295465,0.19128872923215087,0.00449034575662326,0.002694207453973956,0.16120341266277505,0.006286484059272564
Mild,157.0,8.0,157.0,357.0,8.0,0.0,70.0,4.0,0.20630749014454666,0.010512483574244415,0.20630749014454666,0.469119579500657,0.010512483574244415,0.0,0.09198423127463863,0.005256241787122208
Moderate,201.0,5.0,824.0,57.0,2.0,4.0,144.0,10.0,0.161186848436247,0.00400962309542903,0.6607858861267041,0.04570970328789094,0.0016038492381716118,0.0032076984763432237,0.11547714514835605,0.00801924619085806
Severe,16.0,1.0,49.0,13.0,0.0,2.0,145.0,0.0,0.07079646017699115,0.004424778761061947,0.2168141592920354,0.05752212389380531,0.0,0.008849557522123894,0.6415929203539823,0.0
