,appt_count,appt_count,appt_count,appt_count,appt_count,appt_count,appt_count,appt_count,appt_pct,appt_pct,appt_pct,appt_pct,appt_pct,appt_pct,appt_pct,appt_pct
Provider Role,CARE_MANAGER,CHAPLAIN,CLINICIAN,COACH,OTHER,PEER,PSYCHIATRIST,UNDEFINED,CARE_MANAGER,CHAPLAIN,CLINICIAN,COACH,OTHER,PEER,PSYCHIATRIST,UNDEFINED
Escalation,,,,,,,,,,,,,,,,
All,310.0,15.0,1096.0,443.0,1.0,6.0,359.0,34.0,0.13692579505300354,0.0066254416961130744,0.4840989399293286,0.1956713780918728,0.00044169611307420494,0.00265017667844523,0.15856890459363956,0.015017667844522967
Mild,109.0,9.0,205.0,366.0,1.0,0.0,70.0,19.0,0.1399229781771502,0.011553273427471117,0.2631578947368421,0.46983311938382544,0.0012836970474967907,0.0,0.08985879332477535,0.024390243902439025
Moderate,189.0,5.0,843.0,65.0,0.0,4.0,144.0,13.0,0.1496437054631829,0.00395882818685669,0.667458432304038,0.05146476642913698,0.0,0.003167062549485352,0.11401425178147269,0.010292953285827395
Severe,14.0,1.0,52.0,13.0,0.0,2.0,145.0,2.0,0.0611353711790393,0.004366812227074236,0.22707423580786026,0.056768558951965066,0.0,0.008733624454148471,0.6331877729257642,0.008733624454148471
