,appt_count,appt_count,appt_count,appt_count,appt_count,appt_count,appt_count,appt_count,appt_pct,appt_pct,appt_pct,appt_pct,appt_pct,appt_pct,appt_pct,appt_pct
Provider Role,CARE_MANAGER,CHAPLAIN,CLINICIAN,COACH,OTHER,PEER,PSYCHIATRIST,UNDEFINED,CARE_MANAGER,CHAPLAIN,CLINICIAN,COACH,OTHER,PEER,PSYCHIATRIST,UNDEFINED
Escalation,,,,,,,,,,,,,,,,
All,372.0,14.0,1026.0,436.0,1.0,6.0,359.0,16.0,0.16681614349775784,0.006278026905829596,0.4600896860986547,0.19551569506726457,0.0004484304932735426,0.0026905829596412557,0.1609865470852018,0.007174887892376682
Mild,157.0,8.0,157.0,365.0,1.0,0.0,70.0,6.0,0.2054973821989529,0.010471204188481676,0.2054973821989529,0.47774869109947643,0.0013089005235602095,0.0,0.09162303664921466,0.007853403141361256
Moderate,201.0,5.0,824.0,59.0,0.0,4.0,144.0,10.0,0.161186848436247,0.00400962309542903,0.6607858861267041,0.04731355252606255,0.0,0.0032076984763432237,0.11547714514835605,0.00801924619085806
Severe,16.0,1.0,49.0,13.0,0.0,2.0,145.0,0.0,0.07079646017699115,0.004424778761061947,0.2168141592920354,0.05752212389380531,0.0,0.008849557522123894,0.6415929203539823,0.0
