,appt_count,appt_count,appt_count,appt_count,appt_count,appt_count,appt_count,appt_count,appt_pct,appt_pct,appt_pct,appt_pct,appt_pct,appt_pct,appt_pct,appt_pct
Provider Role,CARE_MANAGER,CHAPLAIN,CLINICIAN,COACH,OTHER,PEER,PSYCHIATRIST,UNDEFINED,CARE_MANAGER,CHAPLAIN,CLINICIAN,COACH,OTHER,PEER,PSYCHIATRIST,UNDEFINED
Escalation,,,,,,,,,,,,,,,,
All,367.0,14.0,1026.0,416.0,10.0,6.0,359.0,4.0,0.16666666666666666,0.006357856494096276,0.4659400544959128,0.18891916439600362,0.004541326067211626,0.0027247956403269754,0.16303360581289736,0.0018165304268846503
Mild,154.0,8.0,157.0,351.0,8.0,0.0,70.0,1.0,0.205607476635514,0.010680907877169559,0.2096128170894526,0.46862483311081443,0.010680907877169559,0.0,0.09345794392523364,0.0013351134846461949
Moderate,200.0,5.0,824.0,53.0,2.0,4.0,144.0,3.0,0.16194331983805668,0.004048582995951417,0.6672064777327935,0.04291497975708502,0.0016194331983805667,0.0032388663967611335,0.11659919028340081,0.0024291497975708503
Severe,15.0,1.0,49.0,13.0,0.0,2.0,145.0,0.0,0.06666666666666667,0.0044444444444444444,0.21777777777777776,0.057777777777777775,0.0,0.008888888888888889,0.6444444444444445,0.0
