,appt_count,appt_count,appt_count,appt_count,appt_count,appt_count,appt_count,appt_count,appt_pct,appt_pct,appt_pct,appt_pct,appt_pct,appt_pct,appt_pct,appt_pct
Provider Role,CARE_MANAGER,CHAPLAIN,CLINICIAN,COACH,OTHER,PEER,PSYCHIATRIST,UNDEFINED,CARE_MANAGER,CHAPLAIN,CLINICIAN,COACH,OTHER,PEER,PSYCHIATRIST,UNDEFINED
Escalation,,,,,,,,,,,,,,,,
All,310.0,15.0,1098.0,444.0,1.0,6.0,359.0,35.0,0.13668430335097,0.006613756613756613,0.48412698412698413,0.19576719576719576,0.0004409171075837742,0.0026455026455026454,0.15828924162257496,0.015432098765432098
Mild,109.0,9.0,205.0,366.0,1.0,0.0,70.0,20.0,0.13974358974358975,0.011538461538461539,0.26282051282051283,0.46923076923076923,0.001282051282051282,0.0,0.08974358974358974,0.02564102564102564
Moderate,189.0,5.0,845.0,66.0,0.0,4.0,144.0,13.0,0.14928909952606634,0.0039494470774091624,0.6674565560821485,0.052132701421800945,0.0,0.00315955766192733,0.11374407582938388,0.010268562401263823
Severe,14.0,1.0,52.0,13.0,0.0,2.0,145.0,2.0,0.0611353711790393,0.004366812227074236,0.22707423580786026,0.056768558951965066,0.0,0.008733624454148471,0.6331877729257642,0.008733624454148471
