,appt_count,appt_count,appt_count,appt_count,appt_count,appt_count,appt_count,appt_count,appt_pct,appt_pct,appt_pct,appt_pct,appt_pct,appt_pct,appt_pct,appt_pct
Provider Role,CARE_MANAGER,CHAPLAIN,CLINICIAN,COACH,OTHER,PEER,PSYCHIATRIST,UNDEFINED,CARE_MANAGER,CHAPLAIN,CLINICIAN,COACH,OTHER,PEER,PSYCHIATRIST,UNDEFINED
Escalation,,,,,,,,,,,,,,,,
All,374.0,14.0,1026.0,440.0,1.0,6.0,359.0,24.0,0.16666666666666666,0.006238859180035651,0.4572192513368984,0.19607843137254902,0.000445632798573975,0.00267379679144385,0.15998217468805703,0.0106951871657754
Mild,157.0,8.0,157.0,366.0,1.0,0.0,70.0,12.0,0.20363164721141375,0.010376134889753566,0.20363164721141375,0.47470817120622566,0.0012970168612191958,0.0,0.0907911802853437,0.01556420233463035
Moderate,202.0,5.0,824.0,62.0,0.0,4.0,144.0,12.0,0.16121308858739025,0.0039904229848363925,0.6576217079010375,0.04948124501197127,0.0,0.0031923383878691143,0.1149241819632881,0.009577015163607342
Severe,17.0,1.0,49.0,13.0,0.0,2.0,145.0,0.0,0.07488986784140969,0.004405286343612335,0.21585903083700442,0.05726872246696035,0.0,0.00881057268722467,0.6387665198237885,0.0
