,appt_count,appt_count,appt_count,appt_count,appt_count,appt_count,appt_count,appt_count,appt_pct,appt_pct,appt_pct,appt_pct,appt_pct,appt_pct,appt_pct,appt_pct
Provider Role,CARE_MANAGER,CHAPLAIN,CLINICIAN,COACH,OTHER,PEER,PSYCHIATRIST,UNDEFINED,CARE_MANAGER,CHAPLAIN,CLINICIAN,COACH,OTHER,PEER,PSYCHIATRIST,UNDEFINED
Escalation,,,,,,,,,,,,,,,,
All,367.0,14.0,1026.0,417.0,10.0,6.0,359.0,8.0,0.16628908019936564,0.006343452650657001,0.4648844585410059,0.18894426823742638,0.004531037607612143,0.002718622564567286,0.16266425011327593,0.0036248300860897147
Mild,154.0,8.0,157.0,351.0,8.0,0.0,70.0,3.0,0.20505992010652463,0.010652463382157125,0.20905459387483355,0.4673768308921438,0.010652463382157125,0.0,0.09320905459387484,0.0039946737683089215
Moderate,200.0,5.0,824.0,54.0,2.0,4.0,144.0,5.0,0.16155088852988692,0.004038772213247173,0.6655896607431341,0.04361873990306947,0.0016155088852988692,0.0032310177705977385,0.11631663974151858,0.004038772213247173
Severe,15.0,1.0,49.0,13.0,0.0,2.0,145.0,0.0,0.06666666666666667,0.0044444444444444444,0.21777777777777776,0.057777777777777775,0.0,0.008888888888888889,0.6444444444444445,0.0
