,appt_count,appt_count,appt_count,appt_count,appt_count,appt_count,appt_count,appt_count,appt_pct,appt_pct,appt_pct,appt_pct,appt_pct,appt_pct,appt_pct,appt_pct
Provider Role,CARE_MANAGER,CHAPLAIN,CLINICIAN,COACH,OTHER,PEER,PSYCHIATRIST,UNDEFINED,CARE_MANAGER,CHAPLAIN,CLINICIAN,COACH,OTHER,PEER,PSYCHIATRIST,UNDEFINED
Escalation,,,,,,,,,,,,,,,,
All,370.0,14.0,1026.0,424.0,10.0,6.0,359.0,11.0,0.16666666666666666,0.006306306306306306,0.46216216216216216,0.19099099099099098,0.0045045045045045045,0.002702702702702703,0.16171171171171173,0.004954954954954955
Mild,156.0,8.0,157.0,355.0,8.0,0.0,70.0,3.0,0.20607661822985468,0.010568031704095112,0.2073976221928666,0.46895640686922063,0.010568031704095112,0.0,0.09247027741083223,0.003963011889035667
Moderate,200.0,5.0,824.0,57.0,2.0,4.0,144.0,8.0,0.1607717041800643,0.0040192926045016075,0.662379421221865,0.04581993569131833,0.001607717041800643,0.003215434083601286,0.1157556270096463,0.006430868167202572
Severe,16.0,1.0,49.0,13.0,0.0,2.0,145.0,0.0,0.07079646017699115,0.004424778761061947,0.2168141592920354,0.05752212389380531,0.0,0.008849557522123894,0.6415929203539823,0.0
