,appt_count,appt_count,appt_count,appt_count,appt_count,appt_count,appt_count,appt_count,appt_pct,appt_pct,appt_pct,appt_pct,appt_pct,appt_pct,appt_pct,appt_pct
Provider Role,CARE_MANAGER,CHAPLAIN,CLINICIAN,COACH,OTHER,PEER,PSYCHIATRIST,UNDEFINED,CARE_MANAGER,CHAPLAIN,CLINICIAN,COACH,OTHER,PEER,PSYCHIATRIST,UNDEFINED
Escalation,,,,,,,,,,,,,,,,
All,219.0,14.0,1199.0,441.0,1.0,6.0,359.0,11.0,0.09733333333333333,0.006222222222222222,0.5328888888888889,0.196,0.00044444444444444447,0.0026666666666666666,0.15955555555555556,0.004888888888888889
Mild,77.0,8.0,248.0,366.0,1.0,0.0,70.0,4.0,0.09948320413436693,0.0103359173126615,0.32041343669250644,0.4728682170542636,0.0012919896640826874,0.0,0.09043927648578812,0.00516795865633075
Moderate,132.0,5.0,901.0,63.0,0.0,4.0,144.0,7.0,0.10509554140127389,0.003980891719745223,0.7173566878980892,0.05015923566878981,0.0,0.0031847133757961785,0.11464968152866242,0.005573248407643312
Severe,10.0,1.0,56.0,13.0,0.0,2.0,145.0,0.0,0.04405286343612335,0.004405286343612335,0.24669603524229075,0.05726872246696035,0.0,0.00881057268722467,0.6387665198237885,0.0
