,appt_count,appt_count,appt_count,appt_count,appt_count,appt_count,appt_count,appt_count,appt_pct,appt_pct,appt_pct,appt_pct,appt_pct,appt_pct,appt_pct,appt_pct
Provider Role,CARE_MANAGER,CHAPLAIN,CLINICIAN,COACH,OTHER,PEER,PSYCHIATRIST,UNDEFINED,CARE_MANAGER,CHAPLAIN,CLINICIAN,COACH,OTHER,PEER,PSYCHIATRIST,UNDEFINED
Escalation,,,,,,,,,,,,,,,,
All,310.0,14.0,1096.0,443.0,1.0,6.0,359.0,34.0,0.136986301369863,0.0061864781263809105,0.484312859036677,0.19575784357048165,0.0004418912947414936,0.0026513477684489617,0.1586389748121962,0.015024304021210782
Mild,109.0,8.0,205.0,366.0,1.0,0.0,70.0,19.0,0.14010282776349614,0.010282776349614395,0.2634961439588689,0.4704370179948586,0.0012853470437017994,0.0,0.08997429305912596,0.02442159383033419
Moderate,189.0,5.0,843.0,65.0,0.0,4.0,144.0,13.0,0.1496437054631829,0.00395882818685669,0.667458432304038,0.05146476642913698,0.0,0.003167062549485352,0.11401425178147269,0.010292953285827395
Severe,14.0,1.0,52.0,13.0,0.0,2.0,145.0,2.0,0.0611353711790393,0.004366812227074236,0.22707423580786026,0.056768558951965066,0.0,0.008733624454148471,0.6331877729257642,0.008733624454148471
