,appt_count,appt_count,appt_count,appt_count,appt_count,appt_count,appt_count,appt_count,appt_pct,appt_pct,appt_pct,appt_pct,appt_pct,appt_pct,appt_pct,appt_pct
Provider Role,CARE_MANAGER,CHAPLAIN,CLINICIAN,COACH,OTHER,PEER,PSYCHIATRIST,UNDEFINED,CARE_MANAGER,CHAPLAIN,CLINICIAN,COACH,OTHER,PEER,PSYCHIATRIST,UNDEFINED
Escalation,,,,,,,,,,,,,,,,
All,374.0,14.0,1026.0,439.0,1.0,6.0,359.0,21.0,0.1669642857142857,0.00625,0.45803571428571427,0.19598214285714285,0.0004464285714285714,0.0026785714285714286,0.16026785714285716,0.009375
Mild,157.0,8.0,157.0,366.0,1.0,0.0,70.0,9.0,0.20442708333333334,0.010416666666666666,0.20442708333333334,0.4765625,0.0013020833333333333,0.0,0.09114583333333333,0.01171875
Moderate,202.0,5.0,824.0,61.0,0.0,4.0,144.0,12.0,0.16134185303514376,0.003993610223642172,0.65814696485623,0.048722044728434506,0.0,0.003194888178913738,0.11501597444089456,0.009584664536741214
Severe,17.0,1.0,49.0,13.0,0.0,2.0,145.0,0.0,0.07488986784140969,0.004405286343612335,0.21585903083700442,0.05726872246696035,0.0,0.00881057268722467,0.6387665198237885,0.0
