,appt_count,appt_count,appt_count,appt_count,appt_count,appt_count,appt_count,appt_count,appt_pct,appt_pct,appt_pct,appt_pct,appt_pct,appt_pct,appt_pct,appt_pct
Provider Role,CARE_MANAGER,CHAPLAIN,CLINICIAN,COACH,OTHER,PEER,PSYCHIATRIST,UNDEFINED,CARE_MANAGER,CHAPLAIN,CLINICIAN,COACH,OTHER,PEER,PSYCHIATRIST,UNDEFINED
Escalation,,,,,,,,,,,,,,,,
All,369.0,14.0,1026.0,419.0,10.0,6.0,359.0,10.0,0.166741979213737,0.0063262539539087215,0.46362403976502486,0.18933574333483957,0.004518752824220515,0.0027112516945323093,0.1622232263895165,0.004518752824220515
Mild,155.0,8.0,157.0,351.0,8.0,0.0,70.0,3.0,0.20611702127659576,0.010638297872340425,0.20877659574468085,0.46675531914893614,0.010638297872340425,0.0,0.09308510638297872,0.003989361702127659
Moderate,200.0,5.0,824.0,56.0,2.0,4.0,144.0,7.0,0.1610305958132045,0.004025764895330112,0.6634460547504025,0.04508856682769726,0.001610305958132045,0.00322061191626409,0.11594202898550725,0.005636070853462158
Severe,16.0,1.0,49.0,13.0,0.0,2.0,145.0,0.0,0.07079646017699115,0.004424778761061947,0.2168141592920354,0.05752212389380531,0.0,0.008849557522123894,0.6415929203539823,0.0
