,appt_count,appt_count,appt_count,appt_count,appt_count,appt_count,appt_count,appt_count,appt_pct,appt_pct,appt_pct,appt_pct,appt_pct,appt_pct,appt_pct,appt_pct
Provider Role,CARE_MANAGER,CHAPLAIN,CLINICIAN,COACH,OTHER,PEER,PSYCHIATRIST,UNDEFINED,CARE_MANAGER,CHAPLAIN,CLINICIAN,COACH,OTHER,PEER,PSYCHIATRIST,UNDEFINED
Escalation,,,,,,,,,,,,,,,,
All,374.0,14.0,1026.0,439.0,1.0,6.0,359.0,19.0,0.1671134941912422,0.006255585344057194,0.4584450402144772,0.1961572832886506,0.00044682752457551384,0.002680965147453083,0.16041108132260948,0.008489722966934763
Mild,157.0,8.0,157.0,366.0,1.0,0.0,70.0,9.0,0.20442708333333334,0.010416666666666666,0.20442708333333334,0.4765625,0.0013020833333333333,0.0,0.09114583333333333,0.01171875
Moderate,202.0,5.0,824.0,61.0,0.0,4.0,144.0,10.0,0.1616,0.004,0.6592,0.0488,0.0,0.0032,0.1152,0.008
Severe,17.0,1.0,49.0,13.0,0.0,2.0,145.0,0.0,0.07488986784140969,0.004405286343612335,0.21585903083700442,0.05726872246696035,0.0,0.00881057268722467,0.6387665198237885,0.0
