,appt_count,appt_count,appt_count,appt_count,appt_count,appt_count,appt_count,appt_count,appt_pct,appt_pct,appt_pct,appt_pct,appt_pct,appt_pct,appt_pct,appt_pct
Provider Role,CARE_MANAGER,CHAPLAIN,CLINICIAN,COACH,OTHER,PEER,PSYCHIATRIST,UNDEFINED,CARE_MANAGER,CHAPLAIN,CLINICIAN,COACH,OTHER,PEER,PSYCHIATRIST,UNDEFINED
Escalation,,,,,,,,,,,,,,,,
All,367.0,14.0,1026.0,419.0,10.0,6.0,359.0,8.0,0.16613852421910366,0.006337709370755998,0.4644635581711182,0.18967858759619738,0.004526935264825713,0.002716161158895428,0.1625169760072431,0.0036215482118605704
Mild,154.0,8.0,157.0,351.0,8.0,0.0,70.0,3.0,0.20505992010652463,0.010652463382157125,0.20905459387483355,0.4673768308921438,0.010652463382157125,0.0,0.09320905459387484,0.0039946737683089215
Moderate,200.0,5.0,824.0,56.0,2.0,4.0,144.0,5.0,0.16129032258064516,0.004032258064516129,0.6645161290322581,0.04516129032258064,0.0016129032258064516,0.0032258064516129032,0.11612903225806452,0.004032258064516129
Severe,15.0,1.0,49.0,13.0,0.0,2.0,145.0,0.0,0.06666666666666667,0.0044444444444444444,0.21777777777777776,0.057777777777777775,0.0,0.008888888888888889,0.6444444444444445,0.0
