,PHQ4_severity_count,PHQ4_severity_pct,PHQ9_severity_count,PHQ9_severity_pct,GAD7_severity_count,GAD7_severity_pct,PCPTSD_severity_count,PCPTSD_severity_pct,escalation_count,escalation_pct
mild,921.0,0.3333333333333333,781.0,0.35678391959798994,780.0,0.3563270899954317,,,1150.0,0.41621425986246835
moderate,736.0,0.26637712631197974,543.0,0.24805847418912746,588.0,0.26861580630424853,,,1174.0,0.4249004705030764
no_symptoms,574.0,0.2077452044878755,247.0,0.11283691183188671,165.0,0.07537688442211055,1366.0,0.6240292370945637,,
severe,532.0,0.19254433586681144,185.0,0.08451347647327546,479.0,0.21882137962539971,,,221.0,0.07998552298226565
moderately_severe,,,324.0,0.14801279122887162,,,,,,
inconclusive,,,109.0,0.04979442667884879,177.0,0.0808588396528095,215.0,0.09821836455002284,218.0,0.07889974665218964
followup_efficiency,,,,,,,308.0,0.1407035175879397,,
followup_sensitivity,,,,,,,300.0,0.13704888076747374,,
