content_type_id,content_count,view_count,views_per_content
APP,2,2,1.0
ARTICLE,26,48,1.8461538461538463
PODCAST,22,86,3.909090909090909
VIDEO,9,37,4.111111111111111
