content_type_id,content_count,view_count,views_per_content
APP,1,1,1.0
ARTICLE,22,42,1.9090909090909092
PODCAST,17,52,3.0588235294117645
VIDEO,14,38,2.7142857142857144
