content_type_id,content_count,view_count,views_per_content
APP,1,1,1.0
ARTICLE,39,76,1.9487179487179487
PODCAST,24,106,4.416666666666667
VIDEO,6,31,5.166666666666667
