content_type_id,content_count,view_count,views_per_content
APP,2,2,1.0
ARTICLE,31,52,1.6774193548387097
PODCAST,19,60,3.1578947368421053
VIDEO,14,40,2.857142857142857
