content_type_id,content_count,view_count,views_per_content
APP,2,2,1.0
ARTICLE,27,52,1.9259259259259258
PODCAST,21,65,3.0952380952380953
VIDEO,9,31,3.4444444444444446
