content_type_id,content_count,view_count,views_per_content
APP,3,8,2.6666666666666665
ARTICLE,32,100,3.125
PODCAST,29,187,6.448275862068965
VIDEO,7,78,11.142857142857142
