content_type_id,content_count,view_count,views_per_content
APP,4,9,2.25
ARTICLE,33,91,2.757575757575758
PODCAST,28,177,6.321428571428571
VIDEO,9,147,16.333333333333332
