content_type_id,content_count,view_count,views_per_content
APP,3,5,1.6666666666666667
ARTICLE,32,100,3.125
PODCAST,37,184,4.972972972972973
VIDEO,6,20,3.3333333333333335
