content_type_id,content_count,view_count,views_per_content
APP,3,3,1.0
ARTICLE,31,87,2.806451612903226
PODCAST,34,159,4.676470588235294
VIDEO,6,19,3.1666666666666665
