content_type_id,content_count,view_count,views_per_content
APP,3,4,1.3333333333333333
ARTICLE,33,100,3.0303030303030303
PODCAST,35,179,5.114285714285714
VIDEO,6,19,3.1666666666666665
