content_type_id,content_count,view_count,views_per_content
APP,3,4,1.3333333333333333
ARTICLE,38,87,2.289473684210526
PODCAST,19,119,6.2631578947368425
VIDEO,13,119,9.153846153846153
