content_type_id,content_count,view_count,views_per_content
APP,2,2,1.0
ARTICLE,36,121,3.361111111111111
PODCAST,35,190,5.428571428571429
VIDEO,6,11,1.8333333333333333
