content_type_id,content_count,view_count,views_per_content
APP,3,3,1.0
ARTICLE,38,79,2.0789473684210527
PODCAST,28,94,3.357142857142857
VIDEO,6,34,5.666666666666667
