content_type_id,content_count,view_count,views_per_content
APP,1,1,1.0
ARTICLE,24,55,2.2916666666666665
PODCAST,26,109,4.1923076923076925
VIDEO,7,13,1.8571428571428572
