,provider_count,provider_pct
CLINICIAN,89,0.3531746031746032
PSYCHIATRIST,64,0.25396825396825395
COACH,54,0.21428571428571427
PEER,34,0.1349206349206349
CARE_MANAGER,6,0.023809523809523808
OTHER,3,0.011904761904761904
CHAPLAIN,2,0.007936507936507936
