content_type_id,content_count,view_count,views_per_content
ARTICLE,13,70,5.384615384615385
INT_BLOG,6,11,1.8333333333333333
PODCAST,36,320,8.88888888888889
VIDEO,6,16,2.6666666666666665
